week_date,hy_code,high,low
2005-06-10,880301,178.72,157.22
2005-06-17,880301,169.69,156.69
2005-06-24,880301,170.85,158.16
2005-07-01,880301,170.68,154.01
2005-07-08,880301,155.85,145.52
2005-07-15,880301,151.31,134.84
2005-07-22,880301,147.06,137.25
2005-07-29,880301,160.39,141.41
2005-08-05,880301,170.09,155.36
2005-08-12,880301,177.66,166.24
2005-08-19,880301,176.66,162.28
2005-08-26,880301,168.59,159.04
2005-09-02,880301,166.1,155.5
2005-09-09,880301,175.37,163.97
2005-09-16,880301,178.08,168.5
2005-09-23,880301,180.5,165.08
2005-09-30,880301,170.38,163.61
2005-10-14,880301,177.13,164.81
2005-10-21,880301,175.12,166.5
2005-10-28,880301,172.43,150.42
2005-11-04,880301,155.73,147.45
2005-11-11,880301,154.46,143.68
2005-11-18,880301,151.86,141.83
2005-11-25,880301,152.48,146.23
2005-12-02,880301,151.07,145.98
2005-12-09,880301,152.84,143.57
2005-12-16,880301,157.49,151.42
2005-12-23,880301,159.51,153.92
2005-12-30,880301,167.72,156.83
2006-01-06,880301,170.27,162.72
2006-01-13,880301,176.13,167.99
2006-01-20,880301,177.41,166.52
2006-01-27,880301,186.07,173.76
2006-02-10,880301,203.2,182.15
2006-02-17,880301,209.1,191.01
2006-02-24,880301,201.71,188.96
2006-03-03,880301,198.85,188.54
2006-03-10,880301,194.12,179.55
2006-03-17,880301,189.57,181.4
2006-03-24,880301,198.49,182.63
2006-03-31,880301,202.72,191.07
2006-04-07,880301,209.65,198.41
2006-04-14,880301,219.92,199.79
2006-04-21,880301,215.54,200.72
2006-04-28,880301,234.52,206.4
2006-05-12,880301,246.09,217.65
2006-05-19,880301,271.63,234.35
2006-05-26,880301,255.8,229.52
2006-06-02,880301,263.95,242.22
2006-06-09,880301,261.36,230.52
2006-06-16,880301,238.04,221.92
2006-06-23,880301,246.49,227.37
2006-06-30,880301,251.19,235.08
2006-07-07,880301,255.99,240.46
2006-07-14,880301,255.98,230.99
2006-07-21,880301,247.13,234.25
2006-07-28,880301,239.74,227.19
2006-08-04,880301,230.32,209.64
2006-08-11,880301,218.28,203.77
2006-08-18,880301,218.67,208.81
2006-08-25,880301,219.17,205.35
2006-09-01,880301,225.22,215.18
2006-09-08,880301,221.87,214.63
2006-09-15,880301,219.66,212.26
2006-09-22,880301,225.47,217.06
2006-09-29,880301,219.3,211.21
2006-10-13,880301,224.95,215.63
2006-10-20,880301,227.37,220.49
2006-10-27,880301,225.57,215.15
2006-11-03,880301,231.97,213.68
2006-11-10,880301,243.24,224.05
2006-11-17,880301,228.09,214.02
2006-11-24,880301,234.23,218.76
2006-12-01,880301,247.96,227.63
2006-12-08,880301,253.51,232.93
2006-12-15,880301,253.93,232.58
2006-12-22,880301,275.33,248.78
2006-12-29,880301,273.74,257.21
2007-01-05,880301,291.14,267.79
2007-01-12,880301,317.15,281.56
2007-01-19,880301,315.21,279.15
2007-01-26,880301,337.33,294.61
2007-02-02,880301,341.18,302.76
2007-02-09,880301,332.95,308.67
2007-02-16,880301,361.29,322.77
2007-03-02,880301,387.48,336.76
2007-03-09,880301,362.94,336.0
2007-03-16,880301,375.87,351.74
2007-03-23,880301,384.81,348.14
2007-03-30,880301,396.8,371.83
2007-04-06,880301,423.38,378.47
2007-04-13,880301,457.87,416.01
2007-04-20,880301,510.25,443.28
2007-04-27,880301,563.03,512.68
2007-05-04,880301,549.5,528.41
2007-05-11,880301,581.74,535.56
2007-05-18,880301,616.07,545.33
2007-05-25,880301,694.63,578.76
2007-06-01,880301,702.09,586.09
2007-06-08,880301,646.54,499.4
2007-06-15,880301,703.67,634.0
2007-06-22,880301,727.24,638.53
2007-06-29,880301,678.43,595.3
2007-07-06,880301,660.32,588.26
2007-07-13,880301,688.62,636.51
2007-07-20,880301,675.78,631.44
2007-07-27,880301,793.65,661.05
2007-08-03,880301,871.4,772.25
2007-08-10,880301,897.53,803.59
2007-08-17,880301,849.25,790.81
2007-08-24,880301,948.57,813.84
2007-08-31,880301,994.47,895.09
2007-09-07,880301,1127.73,992.66
2007-09-14,880301,1196.08,1001.91
2007-09-21,880301,1347.08,1143.12
2007-09-28,880301,1390.8,1181.91
2007-10-12,880301,1376.11,1182.25
2007-10-19,880301,1355.7,1198.46
2007-10-26,880301,1214.17,1023.75
2007-11-02,880301,1191.4,1064.11
2007-11-09,880301,1095.82,993.38
2007-11-16,880301,999.59,901.23
2007-11-23,880301,1024.66,927.05
2007-11-30,880301,1022.69,948.32
2007-12-07,880301,1024.84,951.85
2007-12-14,880301,1064.15,959.65
2007-12-21,880301,1028.4,956.79
2007-12-28,880301,1090.44,1022.99
2008-01-04,880301,1099.89,1028.15
2008-01-11,880301,1218.17,1074.07
2008-01-18,880301,1212.57,1078.45
2008-01-25,880301,1175.14,1004.58
2008-02-01,880301,1138.81,937.57
2008-02-08,880301,1065.58,993.53
2008-02-15,880301,1037.43,981.81
2008-02-22,880301,1079.36,985.59
2008-02-29,880301,1010.92,885.87
2008-03-07,880301,988.68,916.44
2008-03-14,880301,1002.34,892.61
2008-03-21,880301,954.38,790.96
2008-03-28,880301,877.46,752.03
2008-04-04,880301,818.53,723.9
2008-04-11,880301,860.39,753.74
2008-04-18,880301,865.36,758.54
2008-04-25,880301,940.39,749.61
2008-05-02,880301,935.58,873.97
2008-05-09,880301,1041.46,920.63
2008-05-16,880301,1038.3,950.38
2008-05-23,880301,1065.21,950.97
2008-05-30,880301,1029.16,920.02
2008-06-06,880301,970.25,857.98
2008-06-13,880301,879.43,785.88
2008-06-20,880301,824.53,707.95
2008-06-27,880301,820.56,728.71
2008-07-04,880301,790.4,685.73
2008-07-11,880301,794.18,690.82
2008-07-18,880301,793.33,659.84
2008-07-25,880301,737.06,681.35
2008-08-01,880301,722.82,640.36
2008-08-08,880301,661.42,568.5
2008-08-15,880301,573.69,527.64
2008-08-22,880301,557.05,489.68
2008-08-29,880301,531.99,479.4
2008-09-05,880301,514.01,430.4
2008-09-12,880301,440.75,391.22
2008-09-19,880301,411.41,349.63
2008-09-26,880301,496.89,427.58
2008-10-10,880301,460.99,346.6
2008-10-17,880301,377.04,301.57
2008-10-24,880301,349.6,303.2
2008-10-31,880301,325.56,282.55
2008-11-07,880301,312.64,280.9
2008-11-14,880301,366.69,299.42
2008-11-21,880301,370.2,320.45
2008-11-28,880301,342.71,308.2
2008-12-05,880301,374.26,305.16
2008-12-12,880301,403.83,355.84
2008-12-19,880301,396.89,346.95
2008-12-26,880301,392.15,344.84
2009-01-02,880301,353.87,333.8
2009-01-09,880301,400.22,341.26
2009-01-16,880301,414.09,371.76
2009-01-23,880301,430.36,392.36
2009-02-06,880301,462.08,413.2
2009-02-13,880301,493.49,444.13
2009-02-20,880301,515.91,444.94
2009-02-27,880301,484.28,394.07
2009-03-06,880301,449.67,384.27
2009-03-13,880301,450.72,410.91
2009-03-20,880301,511.73,412.99
2009-03-27,880301,526.38,479.49
2009-04-03,880301,576.28,485.15
2009-04-10,880301,592.65,533.06
2009-04-17,880301,666.4,588.94
2009-04-24,880301,626.63,554.02
2009-05-01,880301,617.93,559.42
2009-05-08,880301,708.13,609.68
2009-05-15,880301,730.78,634.13
2009-05-22,880301,808.23,693.75
2009-05-29,880301,744.79,688.27
2009-06-05,880301,767.0,711.43
2009-06-12,880301,752.82,705.87
2009-06-19,880301,758.36,685.77
2009-06-26,880301,769.99,700.2
2009-07-03,880301,877.53,747.47
2009-07-10,880301,921.01,838.82
2009-07-17,880301,979.27,859.03
2009-07-24,880301,1116.07,963.86
2009-07-31,880301,1099.32,938.1
2009-08-07,880301,1104.54,953.8
2009-08-14,880301,991.29,898.51
2009-08-21,880301,905.7,784.1
2009-08-28,880301,928.08,812.02
2009-09-04,880301,831.5,707.82
2009-09-11,880301,887.37,780.8
2009-09-18,880301,923.68,856.56
2009-09-25,880301,886.4,773.15
2009-10-02,880301,811.32,745.02
2009-10-09,880301,851.06,802.29
2009-10-16,880301,922.77,827.64
2009-10-23,880301,990.42,898.63
2009-10-30,880301,988.71,900.21
2009-11-06,880301,990.13,877.64
2009-11-13,880301,996.12,930.79
2009-11-20,880301,1071.75,955.68
2009-11-27,880301,1077.09,965.93
2009-12-04,880301,1102.32,982.79
2009-12-11,880301,1097.2,1024.33
2009-12-18,880301,1070.86,969.79
2009-12-25,880301,994.89,909.5
2010-01-01,880301,1021.47,981.02
2010-01-08,880301,1068.06,983.95
2010-01-15,880301,1038.12,928.84
2010-01-22,880301,978.06,843.84
2010-01-29,880301,876.71,809.76
2010-02-05,880301,859.6,785.81
2010-02-12,880301,856.07,795.44
2010-02-26,880301,862.35,806.59
2010-03-05,880301,858.66,814.85
2010-03-12,880301,863.82,817.45
2010-03-19,880301,835.95,785.9
2010-03-26,880301,854.98,816.8
2010-04-02,880301,914.5,839.93
2010-04-09,880301,942.71,879.98
2010-04-16,880301,932.03,877.58
2010-04-23,880301,913.04,823.65
2010-04-30,880301,902.52,811.16
2010-05-07,880301,855.9,720.57
2010-05-14,880301,772.32,716.91
2010-05-21,880301,748.22,694.09
2010-05-28,880301,790.82,737.99
2010-06-04,880301,769.32,713.99
2010-06-11,880301,736.83,695.92
2010-06-18,880301,742.52,702.43
2010-06-25,880301,738.14,693.14
2010-07-02,880301,702.9,580.96
2010-07-09,880301,657.16,576.1
2010-07-16,880301,670.68,627.37
2010-07-23,880301,736.07,638.45
2010-07-30,880301,758.71,714.41
2010-08-06,880301,780.11,723.87
2010-08-13,880301,772.82,712.77
2010-08-20,880301,802.12,727.8
2010-08-27,880301,773.65,731.32
2010-09-03,880301,774.99,745.22
2010-09-10,880301,798.22,748.83
2010-09-17,880301,777.88,715.08
2010-09-24,880301,730.37,709.05
2010-10-01,880301,755.97,714.21
2010-10-08,880301,827.69,770.49
2010-10-15,880301,969.33,850.72
2010-10-22,880301,1050.8,921.55
2010-10-29,880301,1070.68,977.35
2010-11-05,880301,1058.14,970.79
2010-11-12,880301,1065.74,952.82
2010-11-19,880301,975.65,838.07
2010-11-26,880301,908.92,820.01
2010-12-03,880301,886.55,831.31
2010-12-10,880301,888.87,837.2
2010-12-17,880301,939.17,860.69
2010-12-24,880301,947.15,868.12
2010-12-31,880301,959.66,858.69
2011-01-07,880301,963.43,908.35
2011-01-14,880301,932.54,874.24
2011-01-21,880301,882.86,818.48
2011-01-28,880301,845.2,798.47
2011-02-04,880301,867.98,832.97
2011-02-11,880301,855.87,818.68
2011-02-18,880301,913.81,849.53
2011-02-25,880301,922.56,873.23
2011-03-04,880301,920.84,884.28
2011-03-11,880301,1017.35,922.68
2011-03-18,880301,983.97,899.78
2011-03-25,880301,991.88,936.86
2011-04-01,880301,1021.49,957.35
2011-04-08,880301,1026.39,987.43
2011-04-15,880301,1068.29,995.22
2011-04-22,880301,1031.4,980.43
2011-04-29,880301,995.9,946.95
2011-05-06,880301,980.78,879.63
2011-05-13,880301,929.36,892.26
2011-05-20,880301,956.7,901.54
2011-05-27,880301,935.56,890.22
2011-06-03,880301,935.43,884.53
2011-06-10,880301,933.37,888.24
2011-06-17,880301,927.54,875.59
2011-06-24,880301,960.07,879.26
2011-07-01,880301,996.27,933.43
2011-07-08,880301,1016.55,979.23
2011-07-15,880301,1008.6,953.17
2011-07-22,880301,1001.24,961.71
2011-07-29,880301,988.42,936.42
2011-08-05,880301,993.34,935.65
2011-08-12,880301,950.72,856.7
2011-08-19,880301,939.74,855.53
2011-08-26,880301,916.03,856.95
2011-09-02,880301,918.21,877.17
2011-09-09,880301,883.87,833.33
2011-09-16,880301,870.03,838.7
2011-09-23,880301,887.55,828.65
2011-09-30,880301,877.4,838.22
2011-10-14,880301,870.85,776.78
2011-10-21,880301,842.87,767.09
2011-10-28,880301,865.68,764.97
2011-11-04,880301,868.52,823.78
2011-11-11,880301,879.37,851.55
2011-11-18,880301,901.34,831.84
2011-11-25,880301,838.05,791.62
2011-12-02,880301,827.69,785.49
2011-12-09,880301,797.04,776.64
2011-12-16,880301,779.67,705.9
2011-12-23,880301,735.74,698.84
2011-12-30,880301,738.56,704.07
2012-01-06,880301,745.51,697.37
2012-01-13,880301,806.49,703.99
2012-01-20,880301,820.85,760.02
2012-02-03,880301,815.36,782.2
2012-02-10,880301,835.82,789.01
2012-02-17,880301,831.83,809.63
2012-02-24,880301,866.68,811.8
2012-03-02,880301,871.78,838.65
2012-03-09,880301,864.15,816.55
2012-03-16,880301,854.36,801.42
2012-03-23,880301,833.36,800.88
2012-03-30,880301,813.52,760.4
2012-04-06,880301,790.89,763.86
2012-04-13,880301,815.47,766.16
2012-04-20,880301,825.47,795.04
2012-04-27,880301,841.37,800.37
2012-05-04,880301,873.87,837.03
2012-05-11,880301,864.01,833.04
2012-05-18,880301,841.82,800.99
2012-05-25,880301,831.01,801.21
2012-06-01,880301,844.75,800.05
2012-06-08,880301,800.85,761.22
2012-06-15,880301,779.48,741.85
2012-06-22,880301,769.92,732.47
2012-06-29,880301,728.64,682.65
2012-07-06,880301,714.77,687.6
2012-07-13,880301,723.17,672.28
2012-07-20,880301,720.39,697.84
2012-07-27,880301,695.72,678.34
2012-08-03,880301,697.28,676.47
2012-08-10,880301,721.45,692.49
2012-08-17,880301,701.35,679.06
2012-08-24,880301,687.45,667.2
2012-08-31,880301,668.39,631.94
2012-09-07,880301,683.93,622.25
2012-09-14,880301,692.84,664.71
2012-09-21,880301,683.74,630.54
2012-09-28,880301,686.21,628.25
2012-10-12,880301,693.11,667.3
2012-10-19,880301,693.64,667.26
2012-10-26,880301,694.11,655.42
2012-11-02,880301,677.09,648.87
2012-11-09,880301,688.3,649.17
2012-11-16,880301,659.21,618.2
2012-11-23,880301,632.13,615.79
2012-11-30,880301,626.09,606.12
2012-12-07,880301,642.51,589.85
2012-12-14,880301,661.68,631.5
2012-12-21,880301,706.4,660.91
2012-12-28,880301,717.01,672.94
2013-01-04,880301,733.4,709.68
2013-01-11,880301,734.81,701.18
2013-01-18,880301,738.03,697.61
2013-01-25,880301,745.28,695.84
2013-02-01,880301,738.33,701.54
2013-02-08,880301,775.79,738.0
2013-02-22,880301,756.18,683.7
2013-03-01,880301,695.85,669.86
2013-03-08,880301,680.92,650.13
2013-03-15,880301,665.44,644.47
2013-03-22,880301,662.94,638.27
2013-03-29,880301,664.53,631.92
2013-04-05,880301,638.7,630.11
2013-04-12,880301,634.95,613.48
2013-04-19,880301,619.81,597.07
2013-04-26,880301,615.26,589.21
2013-05-03,880301,589.74,574.23
2013-05-10,880301,600.78,579.14
2013-05-17,880301,607.98,572.22
2013-05-24,880301,609.14,591.12
2013-05-31,880301,601.12,583.26
2013-06-07,880301,597.79,569.06
2013-06-14,880301,566.99,538.51
2013-06-21,880301,542.83,504.25
2013-06-28,880301,507.73,445.17
2013-07-05,880301,476.07,449.99
2013-07-12,880301,491.99,444.63
2013-07-19,880301,482.85,453.56
2013-07-26,880301,467.99,448.11
2013-08-02,880301,475.78,447.89
2013-08-09,880301,486.07,467.62
2013-08-16,880301,528.18,481.51
2013-08-23,880301,500.36,479.31
2013-08-30,880301,507.29,486.71
2013-09-06,880301,506.53,485.5
2013-09-13,880301,536.68,498.34
2013-09-20,880301,519.33,496.02
2013-09-27,880301,505.94,485.93
2013-10-04,880301,494.66,488.57
2013-10-11,880301,494.11,481.16
2013-10-18,880301,504.45,483.06
2013-10-25,880301,507.76,475.3
2013-11-01,880301,477.8,461.05
2013-11-08,880301,478.94,463.01
2013-11-15,880301,470.99,458.17
2013-11-22,880301,491.02,467.76
2013-11-29,880301,498.16,476.25
2013-12-06,880301,497.83,475.2
2013-12-13,880301,491.21,467.43
2013-12-20,880301,469.84,445.58
2013-12-27,880301,448.97,431.41
2014-01-03,880301,447.8,426.83
2014-01-10,880301,427.02,396.54
2014-01-17,880301,405.33,389.84
2014-01-24,880301,400.57,384.51
2014-01-31,880301,398.64,384.04
2014-02-07,880301,387.24,383.4
2014-02-14,880301,404.08,387.59
2014-02-21,880301,406.61,395.24
2014-02-28,880301,395.31,367.77
2014-03-07,880301,375.37,363.5
2014-03-14,880301,363.67,345.4
2014-03-21,880301,375.13,355.46
2014-03-28,880301,380.89,370.64
2014-04-04,880301,381.49,369.25
2014-04-11,880301,404.43,374.96
2014-04-18,880301,394.99,378.24
2014-04-25,880301,382.21,371.08
2014-05-02,880301,374.01,364.5
2014-05-09,880301,380.17,364.5
2014-05-16,880301,409.29,377.11
2014-05-23,880301,388.64,376.0
2014-05-30,880301,387.25,378.86
2014-05-30,880912,1034.51,997.68
2014-06-06,880301,384.22,375.49
2014-06-06,880912,1033.64,1003.16
2014-06-13,880301,383.7,375.93
2014-06-13,880912,1068.59,1006.44
2014-06-20,880301,384.77,373.27
2014-06-20,880912,1070.08,1000.95
2014-06-27,880301,385.86,376.08
2014-06-27,880912,1059.06,1015.12
2014-07-04,880301,389.82,379.57
2014-07-04,880912,1102.17,1045.59
2014-07-11,880301,387.94,380.23
2014-07-11,880912,1104.04,1058.28
2014-07-18,880301,388.78,381.3
2014-07-18,880912,1069.58,1032.38
2014-07-25,880301,416.1,381.56
2014-07-25,880912,1057.46,1018.0
2014-08-01,880301,449.93,416.91
2014-08-01,880912,1078.25,1042.73
2014-08-08,880301,462.41,435.24
2014-08-08,880912,1094.62,1049.69
2014-08-15,880301,450.05,437.81
2014-08-15,880912,1108.9,1082.08
2014-08-22,880301,454.26,436.6
2014-08-22,880912,1155.64,1103.26
2014-08-29,880301,439.71,424.66
2014-08-29,880912,1172.79,1131.29
2014-09-05,880301,451.99,429.82
2014-09-05,880912,1243.27,1164.14
2014-09-12,880301,457.06,443.31
2014-09-12,880912,1285.01,1233.74
2014-09-19,880301,457.32,441.15
2014-09-19,880912,1303.07,1228.62
2014-09-26,880301,459.88,442.72
2014-09-26,880912,1284.63,1239.86
2014-10-03,880301,473.8,455.31
2014-10-03,880912,1320.72,1275.4
2014-10-10,880301,477.03,459.02
2014-10-10,880912,1328.42,1296.76
2014-10-17,880301,476.2,448.88
2014-10-17,880912,1320.16,1263.56
2014-10-24,880301,457.05,436.73
2014-10-24,880912,1315.58,1240.48
2014-10-31,880301,464.36,430.43
2014-10-31,880912,1325.57,1222.57
2014-11-07,880301,472.26,453.63
2014-11-07,880912,1361.04,1318.53
2014-11-14,880301,478.66,456.08
2014-11-14,880912,1364.29,1300.79
2014-11-21,880301,479.96,455.32
2014-11-21,880912,1422.69,1318.4
2014-11-28,880301,498.85,463.87
2014-11-28,880912,1646.35,1451.89
2014-12-05,880301,576.93,493.57
2014-12-05,880912,1770.19,1599.85
2014-12-12,880301,584.37,521.75
2014-12-12,880912,1705.44,1545.03
2014-12-19,880301,573.63,524.9
2014-12-19,880912,1795.71,1679.04
2014-12-26,880301,615.13,541.57
2014-12-26,880912,1701.03,1568.56
2015-01-02,880301,598.99,563.81
2015-01-02,880912,1643.05,1546.25
2015-01-09,880301,676.57,586.49
2015-01-09,880912,1670.28,1530.71
2015-01-16,880301,620.05,580.17
2015-01-16,880912,1777.24,1634.6
2015-01-23,880301,594.34,545.9
2015-01-23,880912,1926.69,1688.03
2015-01-30,880301,586.34,554.13
2015-01-30,880912,1975.13,1861.21
2015-02-06,880301,565.97,520.2
2015-02-06,880912,2079.97,1839.82
2015-02-13,880301,545.41,519.29
2015-02-13,880912,2196.47,1946.78
2015-02-20,880301,546.38,540.4
2015-02-20,880912,2315.05,2170.9
2015-02-27,880301,558.3,533.72
2015-02-27,880912,2314.86,2173.79
2015-03-06,880301,565.89,539.61
2015-03-06,880912,2433.66,2273.51
2015-03-13,880301,580.91,537.06
2015-03-13,880912,2507.52,2286.14
2015-03-20,880301,611.96,568.25
2015-03-20,880912,2829.24,2541.51
2015-03-27,880301,621.2,591.44
2015-03-27,880912,3162.97,2820.02
2015-04-03,880301,644.5,612.14
2015-04-03,880912,3253.96,2904.04
2015-04-10,880301,664.9,626.61
2015-04-10,880912,3369.2,3049.51
2015-04-17,880301,698.41,640.92
2015-04-17,880912,3475.75,3160.24
2015-04-24,880301,758.92,674.83
2015-04-24,880912,3348.29,3059.11
2015-05-01,880301,786.47,724.38
2015-05-01,880912,3459.45,3111.44
2015-05-08,880301,740.14,643.31
2015-05-08,880912,3558.67,3204.36
2015-05-15,880301,685.57,659.39
2015-05-15,880912,4106.3,3577.37
2015-05-22,880301,713.27,647.06
2015-05-22,880912,4126.92,3912.23
2015-05-29,880301,775.35,677.21
2015-05-29,880912,4166.54,3743.57
2015-06-05,880301,852.0,702.44
2015-06-05,880912,4586.24,3943.57
2015-06-12,880301,903.18,814.16
2015-06-12,880912,4706.61,4272.43
2015-06-19,880301,880.63,770.45
2015-06-19,880912,4618.69,3966.15
2015-06-26,880301,848.28,725.36
2015-06-26,880912,4123.21,3405.78
2015-07-03,880301,752.97,586.62
2015-07-03,880912,3430.72,2634.51
2015-07-10,880301,647.95,529.87
2015-07-10,880912,2886.09,2414.92
2015-07-17,880301,674.06,584.6
2015-07-17,880912,2809.4,2452.22
2015-07-24,880301,686.76,615.59
2015-07-24,880912,2995.95,2742.34
2015-07-31,880301,653.68,552.72
2015-07-31,880912,2900.46,2514.0
2015-08-07,880301,626.67,569.22
2015-08-07,880912,2586.18,2394.93
2015-08-14,880301,705.56,631.01
2015-08-14,880912,2826.71,2572.02
2015-08-21,880301,692.85,577.12
2015-08-21,880912,2757.83,2341.9
2015-08-28,880301,561.56,444.79
2015-08-28,880912,2267.06,1805.87
2015-09-04,880301,513.31,479.1
2015-09-04,880912,2025.35,1760.61
2015-09-11,880301,521.81,472.26
2015-09-11,880912,2012.87,1793.82
2015-09-18,880301,510.85,457.42
2015-09-18,880912,2005.89,1738.16
2015-09-25,880301,506.85,471.16
2015-09-25,880912,2069.94,1819.42
2015-10-02,880301,481.28,460.46
2015-10-02,880912,2003.42,1900.51
2015-10-09,880301,491.6,478.72
2015-10-09,880912,2083.5,2002.33
2015-10-16,880301,527.09,491.58
2015-10-16,880912,2383.08,2084.14
2015-10-23,880301,530.31,491.2
2015-10-23,880912,2539.25,2331.92
2015-10-30,880301,524.56,495.17
2015-10-30,880912,2603.07,2420.38
2015-11-06,880301,537.6,487.17
2015-11-06,880912,2722.73,2439.59
2015-11-13,880301,553.09,528.19
2015-11-13,880912,2881.7,2642.2
2015-11-20,880301,548.54,520.59
2015-11-20,880912,2888.75,2690.49
2015-11-27,880301,544.19,499.57
2015-11-27,880912,2973.36,2628.87
2015-12-04,880301,522.03,482.33
2015-12-04,880912,2684.41,2478.13
2015-12-11,880301,512.71,483.9
2015-12-11,880912,2663.26,2544.48
2015-12-18,880301,513.74,486.13
2015-12-18,880912,2686.41,2501.29
2015-12-25,880301,527.59,506.63
2015-12-25,880912,2671.73,2544.74
2016-01-01,880301,515.28,496.64
2016-01-01,880912,2650.52,2525.02
2016-01-08,880301,518.32,454.04
2016-01-08,880912,2523.24,2001.47
2016-01-15,880301,515.14,448.07
2016-01-15,880912,2125.83,1889.41
2016-01-22,880301,466.37,441.52
2016-01-22,880912,2084.53,1918.96
2016-01-29,880301,481.92,429.88
2016-01-29,880912,2012.48,1658.13
2016-02-05,880301,444.25,417.17
2016-02-05,880912,1841.87,1675.8
2016-02-19,880301,461.64,414.62
2016-02-19,880912,1984.91,1735.14
2016-02-26,880301,477.33,438.47
2016-02-26,880912,1995.83,1760.85
2016-03-04,880301,500.05,437.2
2016-03-04,880912,1845.38,1610.95
2016-03-11,880301,506.25,451.34
2016-03-11,880912,1807.31,1684.2
2016-03-18,880301,480.47,458.14
2016-03-18,880912,1980.24,1741.92
2016-03-25,880301,485.12,464.46
2016-03-25,880912,2107.16,2004.25
2016-04-01,880301,477.16,457.96
2016-04-01,880912,2109.44,1966.34
2016-04-08,880301,483.32,470.22
2016-04-08,880912,2147.77,2048.1
2016-04-15,880301,527.86,478.55
2016-04-15,880912,2155.31,2052.71
2016-04-22,880301,511.72,477.09
2016-04-22,880912,2104.75,1913.73
2016-04-29,880301,501.56,479.64
2016-04-29,880912,2010.4,1912.3
2016-05-06,880301,495.35,468.97
2016-05-06,880912,2081.15,1977.53
2016-05-13,880301,467.09,433.72
2016-05-13,880912,1973.58,1826.42
2016-05-20,880301,451.39,430.64
2016-05-20,880912,1982.26,1863.9
2016-05-27,880301,441.73,431.14
2016-05-27,880912,1993.76,1893.83
2016-06-03,880301,453.87,434.99
2016-06-03,880912,2165.05,1917.73
2016-06-10,880301,450.63,444.74
2016-06-10,880912,2165.55,2119.67
2016-06-17,880301,445.68,423.04
2016-06-17,880912,2127.22,1994.63
2016-06-24,880301,460.7,436.06
2016-06-24,880912,2135.53,2020.05
2016-07-01,880301,470.23,445.88
2016-07-01,880912,2188.07,2070.9
2016-07-08,880301,494.82,464.59
2016-07-08,880912,2239.62,2135.7
2016-07-15,880301,528.22,482.9
2016-07-15,880912,2286.44,2193.95
2016-07-22,880301,511.29,497.66
2016-07-22,880912,2295.35,2229.8
2016-07-29,880301,511.05,483.51
2016-07-29,880912,2305.15,2124.95
2016-08-05,880301,502.68,488.97
2016-08-05,880912,2163.77,2072.59
2016-08-12,880301,537.37,500.38
2016-08-12,880912,2200.86,2125.26
2016-08-19,880301,539.09,512.22
2016-08-19,880912,2245.43,2154.38
2016-08-26,880301,519.49,505.16
2016-08-26,880912,2246.27,2141.35
2016-09-02,880301,516.1,506.58
2016-09-02,880912,2212.37,2162.44
2016-09-09,880301,524.58,511.7
2016-09-09,880912,2225.95,2156.24
2016-09-16,880301,508.01,496.91
2016-09-16,880912,2162.19,2123.5
2016-09-23,880301,516.38,499.14
2016-09-23,880912,2220.66,2151.01
2016-09-30,880301,520.09,500.73
2016-09-30,880912,2199.94,2147.91
2016-10-14,880301,535.37,522.13
2016-10-14,880912,2247.26,2191.01
2016-10-21,880301,549.3,526.6
2016-10-21,880912,2231.02,2173.83
2016-10-28,880301,592.16,542.82
2016-10-28,880912,2230.96,2179.88
2016-11-04,880301,578.55,551.47
2016-11-04,880912,2225.75,2165.84
2016-11-11,880301,604.33,565.01
2016-11-11,880912,2261.62,2179.37
2016-11-18,880301,619.51,579.69
2016-11-18,880912,2276.63,2233.28
2016-11-25,880301,603.64,573.15
2016-11-25,880912,2266.88,2210.74
2016-12-02,880301,599.95,558.08
2016-12-02,880912,2263.01,2181.94
2016-12-09,880301,572.12,552.21
2016-12-09,880912,2186.82,2133.21
2016-12-16,880301,573.47,531.53
2016-12-16,880912,2134.26,1961.67
2016-12-23,880301,539.78,517.88
2016-12-23,880912,2031.93,1991.99
2016-12-30,880301,526.75,506.72
2016-12-30,880912,1999.06,1935.94
2017-01-06,880301,539.28,523.78
2017-01-06,880912,2034.21,1983.9
2017-01-13,880301,549.7,529.1
2017-01-13,880912,2036.23,1950.35
2017-01-20,880301,536.07,517.02
2017-01-20,880912,1953.98,1847.39
2017-01-27,880301,548.61,535.96
2017-01-27,880912,1938.4,1908.91
2017-02-03,880301,548.15,539.63
2017-02-03,880912,1941.74,1915.13
2017-02-10,880301,558.9,535.27
2017-02-10,880912,1944.89,1899.99
2017-02-17,880301,572.41,556.7
2017-02-17,880912,1966.19,1931.68
2017-02-24,880301,571.85,549.09
2017-02-24,880912,1969.21,1928.57
2017-03-03,880301,561.55,547.25
2017-03-03,880912,1972.28,1917.79
2017-03-10,880301,560.08,537.86
2017-03-10,880912,1971.19,1934.17
2017-03-17,880301,559.45,536.62
2017-03-17,880912,1956.06,1922.2
2017-03-24,880301,597.76,572.67
2017-03-24,880912,1943.78,1875.92
2017-03-31,880301,583.84,570.94
2017-03-31,880912,1896.62,1838.89
2017-04-07,880301,589.76,584.1
2017-04-07,880912,1884.69,1856.89
2017-04-14,880301,597.3,578.07
2017-04-14,880912,1866.62,1823.35
2017-04-21,880301,582.12,554.83
2017-04-21,880912,1832.97,1776.74
2017-04-28,880301,564.08,550.94
2017-04-28,880912,1797.1,1722.91
2017-05-05,880301,572.0,545.21
2017-05-05,880912,1776.16,1740.04
2017-05-12,880301,549.3,531.89
2017-05-12,880912,1747.28,1620.07
2017-05-19,880301,553.87,538.2
2017-05-19,880912,1693.71,1632.23
2017-05-26,880301,570.82,543.49
2017-05-26,880912,1677.3,1590.51
2017-06-02,880301,575.14,558.54
2017-06-02,880912,1654.15,1585.39
2017-06-09,880301,583.74,575.44
2017-06-09,880912,1668.71,1618.29
2017-06-16,880301,593.8,580.76
2017-06-16,880912,1696.0,1639.05
2017-06-23,880301,599.82,588.18
2017-06-23,880912,1699.04,1639.44
2017-06-30,880301,615.42,592.71
2017-06-30,880912,1695.75,1656.04
2017-07-07,880301,636.78,608.98
2017-07-07,880912,1698.75,1674.17
2017-07-14,880301,642.53,619.77
2017-07-14,880912,1695.29,1638.09
2017-07-21,880301,680.75,617.89
2017-07-21,880912,1635.39,1568.17
2017-07-28,880301,679.11,645.64
2017-07-28,880912,1674.61,1620.21
2017-08-04,880301,695.74,658.36
2017-08-04,880912,1698.38,1660.04
2017-08-11,880301,702.14,656.25
2017-08-11,880912,1708.02,1652.32
2017-08-18,880301,673.79,655.84
2017-08-18,880912,1735.59,1654.79
2017-08-25,880301,678.98,654.67
2017-08-25,880912,1735.74,1691.8
2017-09-01,880301,751.24,671.18
2017-09-01,880912,1765.33,1716.04
2017-09-08,880301,771.71,717.52
2017-09-08,880912,1814.02,1755.05
2017-09-15,880301,753.37,697.19
2017-09-15,880912,1815.27,1778.17
2017-09-22,880301,713.99,686.79
2017-09-22,880912,1811.97,1759.75
2017-09-29,880301,716.53,687.93
2017-09-29,880912,1767.81,1735.51
2017-10-13,880301,712.03,666.86
2017-10-13,880912,1803.26,1770.92
2017-10-20,880301,684.2,657.64
2017-10-20,880912,1787.83,1719.94
2017-10-27,880301,682.46,659.12
2017-10-27,880912,1751.45,1729.56
2017-11-03,880301,667.65,640.21
2017-11-03,880912,1740.54,1681.21
2017-11-10,880301,684.26,636.29
2017-11-10,880912,1724.54,1678.4
2017-11-17,880301,715.68,664.98
2017-11-17,880912,1717.21,1632.82
2017-11-24,880301,708.84,659.38
2017-11-24,880912,1649.3,1589.46
2017-12-01,880301,722.55,671.23
2017-12-01,880912,1596.21,1562.82
2017-12-08,880301,703.58,650.25
2017-12-08,880912,1609.89,1541.56
2017-12-15,880301,671.34,650.37
2017-12-15,880912,1638.65,1604.56
2017-12-22,880301,688.94,656.12
2017-12-22,880912,1635.37,1597.67
2017-12-29,880301,704.48,666.99
2017-12-29,880912,1624.98,1595.3
2018-01-05,880301,727.19,698.21
2018-01-05,880912,1657.58,1620.3
2018-01-12,880301,771.72,721.95
2018-01-12,880912,1687.01,1634.54
2018-01-19,880301,731.03,695.81
2018-01-19,880912,1653.67,1596.77
2018-01-26,880301,759.01,728.04
2018-01-26,880912,1729.62,1616.92
2018-02-02,880301,813.74,744.25
2018-02-02,880912,1704.75,1522.09
2018-02-09,880301,836.21,667.03
2018-02-09,880912,1531.35,1408.81
2018-02-16,880301,706.93,672.31
2018-02-16,880912,1487.87,1439.08
2018-02-23,880301,737.97,710.26
2018-02-23,880912,1503.31,1479.6
2018-03-02,880301,747.34,682.0
2018-03-02,880912,1611.27,1493.6
2018-03-09,880301,703.11,675.28
2018-03-09,880912,1677.49,1578.19
2018-03-16,880301,696.45,679.99
2018-03-16,880912,1715.27,1649.26
2018-03-23,880301,675.31,617.58
2018-03-23,880912,1704.16,1558.09
2018-03-30,880301,631.09,604.06
2018-03-30,880912,1711.53,1542.8
2018-04-06,880301,635.97,604.5
2018-04-06,880912,1755.35,1697.25
2018-04-13,880301,624.2,597.98
2018-04-13,880912,1736.02,1683.52
2018-04-20,880301,608.55,582.1
2018-04-20,880912,1757.53,1657.04
2018-04-27,880301,622.05,595.42
2018-04-27,880912,1688.23,1603.82
2018-05-04,880301,601.83,588.93
2018-05-04,880912,1679.36,1623.79
2018-05-11,880301,634.51,597.03
2018-05-11,880912,1696.26,1660.64
2018-05-18,880301,647.26,618.27
2018-05-18,880912,1663.65,1626.85
2018-05-25,880301,647.19,596.55
2018-05-25,880912,1678.4,1626.15
2018-06-01,880301,608.36,579.31
2018-06-01,880912,1630.84,1550.04
2018-06-08,880301,614.71,590.62
2018-06-08,880912,1593.28,1544.48
2018-06-15,880301,617.38,588.61
2018-06-15,880912,1562.02,1479.9
2018-06-22,880301,620.66,584.05
2018-06-22,880912,1461.85,1324.33
2018-06-29,880301,612.06,561.05
2018-06-29,880912,1408.43,1333.75
2018-07-06,880301,579.24,531.37
2018-07-06,880912,1411.15,1320.39
2018-07-13,880301,556.05,529.31
2018-07-13,880912,1372.0,1294.94
2018-07-20,880301,547.86,520.71
2018-07-20,880912,1386.2,1347.01
2018-07-27,880301,576.35,532.34
2018-07-27,880912,1412.41,1371.11
2018-08-03,880301,575.4,533.04
2018-08-03,880912,1379.7,1263.01
2018-08-10,880301,568.61,539.45
2018-08-10,880912,1308.22,1238.0
2018-08-17,880301,566.4,533.81
2018-08-17,880912,1319.79,1226.59
2018-08-24,880301,558.99,539.6
2018-08-24,880912,1264.52,1213.17
2018-08-31,880301,568.22,547.77
2018-08-31,880912,1290.89,1228.75
2018-09-07,880301,568.55,543.49
2018-09-07,880912,1260.62,1207.86
2018-09-14,880301,563.48,543.94
2018-09-14,880912,1228.08,1190.49
2018-09-21,880301,587.53,543.69
2018-09-21,880912,1221.49,1166.67
2018-09-28,880301,596.47,578.05
2018-09-28,880912,1229.74,1201.82
2018-10-12,880301,610.46,569.0
2018-10-12,880912,1196.69,1013.63
2018-10-19,880301,591.54,537.33
2018-10-19,880912,1061.84,992.31
2018-10-26,880301,594.98,560.94
2018-10-26,880912,1107.93,1045.15
2018-11-02,880301,586.51,558.23
2018-11-02,880912,1116.36,1032.32
2018-11-09,880301,590.61,576.87
2018-11-09,880912,1125.25,1087.61
2018-11-16,880301,579.39,567.13
2018-11-16,880912,1223.54,1092.48
2018-11-23,880301,581.78,548.24
2018-11-23,880912,1216.4,1141.92
2018-11-30,880301,552.21,536.97
2018-11-30,880912,1167.32,1109.76
2018-12-07,880301,560.53,543.8
2018-12-07,880912,1176.83,1131.39
2018-12-14,880301,557.37,546.94
2018-12-14,880912,1152.23,1112.13
2018-12-21,880301,550.87,530.75
2018-12-21,880912,1113.29,1086.19
2018-12-28,880301,536.82,511.83
2018-12-28,880912,1108.83,1068.74
2019-01-04,880301,516.42,499.63
2019-01-04,880912,1112.81,1065.43
2019-01-11,880301,533.25,514.51
2019-01-11,880912,1149.4,1116.9
2019-01-18,880301,556.6,529.31
2019-01-18,880912,1171.12,1130.44
2019-01-25,880301,561.43,542.72
2019-01-25,880912,1171.49,1141.2
2019-02-01,880301,557.28,543.42
2019-02-01,880912,1167.11,1095.6
2019-02-15,880301,569.23,553.44
2019-02-15,880912,1210.15,1150.2
2019-02-22,880301,578.32,558.74
2019-02-22,880912,1330.51,1201.14
2019-03-01,880301,625.64,569.42
2019-03-01,880912,1475.05,1371.23
2019-03-08,880301,639.04,594.21
2019-03-08,880912,1689.19,1485.55
2019-03-15,880301,611.39,589.15
2019-03-15,880912,1698.17,1524.29
2019-03-22,880301,621.06,598.86
2019-03-22,880912,1682.18,1534.83
2019-03-29,880301,606.22,581.63
2019-03-29,880912,1658.12,1560.23
2019-04-05,880301,642.79,603.82
2019-04-05,880912,1775.57,1671.01
2019-04-12,880301,658.38,621.66
2019-04-12,880912,1765.56,1671.1
2019-04-19,880301,664.27,621.59
2019-04-19,880912,1722.08,1647.2
2019-04-26,880301,661.12,610.22
2019-04-26,880912,1703.98,1579.95
2019-05-03,880301,614.29,602.26
2019-05-03,880912,1588.68,1505.7
2019-05-10,880301,598.03,564.33
2019-05-10,880912,1474.73,1373.64
2019-05-17,880301,592.3,572.4
2019-05-17,880912,1478.89,1393.39
2019-05-24,880301,583.85,561.91
2019-05-24,880912,1449.72,1369.09
2019-05-31,880301,580.8,568.34
2019-05-31,880912,1432.28,1368.94
2019-06-07,880301,573.09,562.6
2019-06-07,880912,1400.29,1327.58
2019-06-14,880301,586.89,564.95
2019-06-14,880912,1390.52,1315.1
2019-06-21,880301,600.05,576.38
2019-06-21,880912,1458.48,1338.26
2019-06-28,880301,607.61,595.59
2019-06-28,880912,1461.19,1406.81
2019-07-05,880301,612.34,602.32
2019-07-05,880912,1485.2,1431.67
2019-07-12,880301,605.26,582.61
2019-07-12,880912,1441.11,1369.67
2019-07-19,880301,592.95,576.99
2019-07-19,880912,1428.08,1369.56
2019-07-26,880301,594.98,582.28
2019-07-26,880912,1428.99,1360.16
2019-08-02,880301,598.51,579.71
2019-08-02,880912,1444.9,1375.61
2019-08-09,880301,579.98,549.81
2019-08-09,880912,1392.69,1292.92
2019-08-16,880301,565.13,551.84
2019-08-16,880912,1353.65,1295.11
2019-08-23,880301,580.5,564.54
2019-08-23,880912,1418.21,1353.81
2019-08-30,880301,583.3,562.55
2019-08-30,880912,1460.62,1371.66
2019-09-06,880301,606.97,575.78
2019-09-06,880912,1559.55,1419.13
2019-09-13,880301,608.47,599.57
2019-09-13,880912,1597.0,1544.43
2019-09-20,880301,613.18,592.29
2019-09-20,880912,1588.91,1523.0
2019-09-27,880301,594.64,569.74
2019-09-27,880912,1541.5,1451.23
2019-10-04,880301,574.98,568.23
2019-10-04,880912,1477.96,1453.55
2019-10-11,880301,583.23,566.93
2019-10-11,880912,1517.35,1440.58
2019-10-18,880301,586.76,559.77
2019-10-18,880912,1531.63,1467.44
2019-10-25,880301,563.37,556.08
2019-10-25,880912,1485.28,1440.9
2019-11-01,880301,567.0,552.8
2019-11-01,880912,1545.18,1443.37
2019-11-08,880301,563.13,553.82
2019-11-08,880912,1492.12,1453.6
2019-11-15,880301,552.26,527.15
2019-11-15,880912,1455.19,1407.9
2019-11-22,880301,544.23,526.59
2019-11-22,880912,1465.66,1403.46
2019-11-29,880301,565.39,542.02
2019-11-29,880912,1433.87,1409.47
2019-12-06,880301,547.33,538.3
2019-12-06,880912,1450.68,1411.24
2019-12-13,880301,551.95,541.16
2019-12-13,880912,1460.75,1429.43
2019-12-20,880301,565.86,544.79
2019-12-20,880912,1505.81,1453.75
2019-12-27,880301,573.31,551.61
2019-12-27,880912,1475.2,1441.8
2020-01-03,880301,586.74,563.35
2020-01-03,880912,1520.15,1422.58
2020-01-10,880301,605.15,579.92
2020-01-10,880912,1558.57,1495.21
2020-01-17,880301,587.92,568.07
2020-01-17,880912,1574.37,1526.3
2020-01-24,880301,570.21,539.58
2020-01-24,880912,1571.37,1474.34
2020-02-07,880301,507.73,485.34
2020-02-07,880912,1491.7,1308.26
2020-02-14,880301,528.11,501.12
2020-02-14,880912,1531.15,1479.4
2020-02-21,880301,540.63,522.63
2020-02-21,880912,1638.02,1517.94
2020-02-28,880301,539.11,510.52
2020-02-28,880912,1635.72,1509.42
2020-03-06,880301,548.54,514.57
2020-03-06,880912,1669.45,1521.73
2020-03-13,880301,528.68,493.61
2020-03-13,880912,1613.2,1447.29
2020-03-20,880301,510.45,463.5
2020-03-20,880912,1535.81,1402.39
2020-03-27,880301,497.57,465.74
2020-03-27,880912,1461.11,1393.75
2020-04-03,880301,501.48,487.11
2020-04-03,880912,1430.37,1382.61
2020-04-10,880301,501.83,491.17
2020-04-10,880912,1484.44,1438.26
2020-04-17,880301,498.63,488.64
2020-04-17,880912,1498.19,1423.36
2020-04-24,880301,495.24,475.25
2020-04-24,880912,1509.05,1458.22
2020-05-01,880301,488.55,465.89
2020-05-01,880912,1483.57,1407.82
2020-05-08,880301,487.86,480.16
2020-05-08,880912,1529.33,1460.66
2020-05-15,880301,490.56,482.73
2020-05-15,880912,1544.47,1495.19
2020-05-22,880301,498.37,480.85
2020-05-22,880912,1567.73,1491.22
2020-05-29,880301,497.16,480.65
2020-05-29,880912,1548.49,1490.95
2020-06-05,880301,503.84,490.66
2020-06-05,880912,1643.21,1570.38
2020-06-12,880301,504.88,483.55
2020-06-12,880912,1677.52,1608.88
2020-06-19,880301,504.7,479.95
2020-06-19,880912,1715.68,1660.9
2020-06-26,880301,500.93,491.09
2020-06-26,880912,1740.37,1705.86
2020-07-03,880301,541.13,484.56
2020-07-03,880912,1773.41,1691.93
2020-07-10,880301,598.88,543.95
2020-07-10,880912,2042.26,1776.94
2020-07-17,880301,588.7,532.81
2020-07-17,880912,2112.95,1875.41
2020-07-24,880301,568.61,536.72
2020-07-24,880912,1974.52,1812.93
2020-07-31,880301,557.25,533.83
2020-07-31,880912,1908.85,1801.06
2020-08-07,880301,558.49,538.69
2020-08-07,880912,1945.16,1843.83
2020-08-14,880301,549.33,532.85
2020-08-14,880912,1879.19,1758.95
2020-08-21,880301,573.81,546.07
2020-08-21,880912,1876.63,1813.64
2020-08-28,880301,561.04,540.22
2020-08-28,880912,1870.15,1807.4
2020-09-04,880301,561.28,543.77
2020-09-04,880912,1878.26,1810.63
2020-09-11,880301,568.71,543.44
2020-09-11,880912,1845.36,1712.5
2020-09-18,880301,573.06,545.03
2020-09-18,880912,1761.91,1708.23
2020-09-25,880301,575.3,543.76
2020-09-25,880912,1768.41,1690.64
2020-10-02,880301,564.53,546.53
2020-10-02,880912,1711.2,1676.98
2020-10-09,880301,568.54,554.82
2020-10-09,880912,1739.38,1717.94
2020-10-16,880301,592.58,565.03
2020-10-16,880912,1799.28,1716.7
2020-10-23,880301,589.85,562.86
2020-10-23,880912,1766.81,1708.8
2020-10-30,880301,562.43,547.39
2020-10-30,880912,1708.2,1662.75
2020-11-06,880301,586.31,551.5
2020-11-06,880912,1689.37,1620.6
2020-11-13,880301,608.35,583.77
2020-11-13,880912,1705.33,1602.81
2020-11-20,880301,613.9,590.36
2020-11-20,880912,1650.89,1600.43
2020-11-27,880301,653.4,611.37
2020-11-27,880912,1632.9,1572.25
2020-12-04,880301,664.69,624.24
2020-12-04,880912,1632.8,1580.79
2020-12-11,880301,649.36,614.47
2020-12-11,880912,1647.4,1573.28
2020-12-18,880301,647.47,585.75
2020-12-18,880912,1588.07,1536.87
2020-12-25,880301,649.14,607.36
2020-12-25,880912,1563.14,1471.33
2021-01-01,880301,655.28,618.34
2021-01-01,880912,1565.13,1468.31
2021-01-08,880301,642.36,610.36
2021-01-08,880912,1574.75,1458.34
2021-01-15,880301,634.09,607.61
2021-01-15,880912,1496.98,1436.35
2021-01-22,880301,652.42,620.39
2021-01-22,880912,1524.84,1459.64
2021-01-29,880301,636.14,583.69
2021-01-29,880912,1477.9,1421.17
2021-02-05,880301,592.08,562.46
2021-02-05,880912,1486.1,1417.26
2021-02-12,880301,585.96,560.26
2021-02-12,880912,1458.44,1409.59
2021-02-19,880301,648.17,598.2
2021-02-19,880912,1480.84,1442.08
2021-02-26,880301,689.11,613.63
2021-02-26,880912,1495.61,1382.62
2021-03-05,880301,658.44,615.79
2021-03-05,880912,1448.19,1381.91
2021-03-12,880301,674.15,619.54
2021-03-12,880912,1415.26,1329.04
2021-03-19,880301,677.85,648.7
2021-03-19,880912,1382.81,1336.0
2021-03-26,880301,661.62,617.04
2021-03-26,880912,1392.03,1353.62
2021-04-02,880301,683.7,660.31
2021-04-02,880912,1387.71,1359.23
2021-04-09,880301,687.5,662.06
2021-04-09,880912,1396.5,1371.99
2021-04-16,880301,700.35,660.54
2021-04-16,880912,1402.78,1356.09
2021-04-23,880301,707.4,685.14
2021-04-23,880912,1434.63,1395.31
2021-04-30,880301,714.69,673.74
2021-04-30,880912,1419.53,1380.05
2021-05-07,880301,755.98,695.99
2021-05-07,880912,1386.75,1363.42
2021-05-14,880301,784.54,725.18
2021-05-14,880912,1390.08,1357.45
2021-05-21,880301,744.28,685.49
2021-05-21,880912,1405.89,1383.43
2021-05-28,880301,730.65,691.92
2021-05-28,880912,1460.98,1384.71
2021-06-04,880301,765.62,709.82
2021-06-04,880912,1458.24,1423.91
2021-06-11,880301,782.41,742.66
2021-06-11,880912,1451.36,1429.44
2021-06-18,880301,786.01,744.66
2021-06-18,880912,1426.73,1392.07
2021-06-25,880301,792.12,729.91
2021-06-25,880912,1421.4,1388.08
2021-07-02,880301,766.05,724.22
2021-07-02,880912,1449.8,1393.51
2021-07-09,880301,748.18,709.21
2021-07-09,880912,1450.42,1416.12
2021-07-16,880301,782.15,718.01
2021-07-16,880912,1485.29,1441.83
2021-07-23,880301,802.94,755.58
2021-07-23,880912,1464.65,1426.11
2021-07-30,880301,786.57,727.58
2021-07-30,880912,1425.77,1317.84
2021-08-06,880301,779.4,728.68
2021-08-06,880912,1421.72,1363.79
2021-08-13,880301,833.62,773.12
2021-08-13,880912,1415.85,1372.0
2021-08-20,880301,845.29,775.06
2021-08-20,880912,1416.14,1364.49
2021-08-27,880301,887.11,802.37
2021-08-27,880912,1469.44,1407.26
2021-09-03,880301,995.71,874.21
2021-09-03,880912,1470.79,1394.56
2021-09-10,880301,1150.31,966.53
2021-09-10,880912,1523.7,1458.14
2021-09-17,880301,1181.57,1031.6
2021-09-17,880912,1507.19,1427.16
2021-09-24,880301,1160.34,1029.14
2021-09-24,880912,1451.71,1416.08
2021-10-01,880301,1081.94,992.94
2021-10-01,880912,1433.26,1365.89
2021-10-08,880301,1064.19,984.16
2021-10-08,880912,1422.29,1407.88
2021-10-15,880301,1077.69,932.65
2021-10-15,880912,1428.13,1370.88
2021-10-22,880301,1091.8,961.19
2021-10-22,880912,1386.1,1320.38
2021-10-29,880301,1002.27,858.74
2021-10-29,880912,1371.5,1326.3
2021-11-05,880301,895.23,838.88
2021-11-05,880912,1312.01,1255.86
2021-11-12,880301,863.63,804.56
2021-11-12,880912,1300.7,1264.68
2021-11-19,880301,837.38,801.73
2021-11-19,880912,1316.47,1279.12
2021-11-26,880301,880.23,830.0
2021-11-26,880912,1329.06,1291.49
2021-12-03,880301,932.62,821.42
2021-12-03,880912,1312.16,1283.03
2021-12-10,880301,943.48,894.71
2021-12-10,880912,1402.03,1310.87
2021-12-17,880301,974.37,884.1
2021-12-17,880912,1415.97,1334.28
2021-12-24,880301,965.13,913.16
2021-12-24,880912,1363.0,1317.55
2021-12-31,880301,964.74,898.96
2021-12-31,880912,1358.68,1311.59
2022-01-07,880301,943.68,901.17
2022-01-07,880912,1326.39,1279.85
2022-01-14,880301,953.44,904.28
2022-01-14,880912,1289.33,1238.96
2022-01-21,880301,968.86,901.5
2022-01-21,880912,1244.81,1194.97
2022-01-28,880301,972.37,878.58
2022-01-28,880912,1199.92,1095.34
2022-02-11,880301,1037.73,898.35
2022-02-11,880912,1160.39,1115.0
2022-02-18,880301,1040.74,978.39
2022-02-18,880912,1148.2,1125.32
2022-02-25,880301,1073.72,976.64
2022-02-25,880912,1173.41,1117.6
2022-03-04,880301,1137.37,999.04
2022-03-04,880912,1158.91,1125.88
